{
  "correlation": {
    "correlation": -0.00409134546524908,
    "spearman_correlation": -0.007622857761311209,
    "diff_correlation": -0.02385218379733293,
    "diff_spearman_correlation": -0.02744283435953592,
    "lag_correlations": {
      "sentiment_lag_5": -0.04790258902551754,
      "sentiment_lag_4": -0.004881898450587234,
      "sentiment_lag_3": 0.05246636438899759,
      "sentiment_lag_2": 0.04916716401545695,
      "sentiment_lag_1": 0.021224923439901254,
      "stock_lag_1": 0.03964565087493784,
      "stock_lag_2": 0.029488364455521752,
      "stock_lag_3": 0.04631795794634892,
      "stock_lag_4": 0.07192419917481845,
      "stock_lag_5": 0.04173786771959837
    }
  },
  "regression": {
    "level": {
      "slope": -0.035667205131044454,
      "intercept": 113.58078502514255,
      "r_squared": 1.6739107716014212e-05,
      "p_value": 0.9656949920303882,
      "std_err": 0.8274424607093894
    },
    "differences": {
      "slope": -0.046750663333365305,
      "intercept": 0.16326083731820148,
      "r_squared": 0.0005689266719017513,
      "p_value": 0.801992936780604,
      "std_err": 0.1859835635226738
    }
  }
}